Workbook

Sheet Rate History
A1: Date | B1: Rate Change | C1: Cumulative Level
A2: Base (Pre-2018) | B2: 0 | C2: 1
A3: 2018-01-01 | B3: 0.025 | C3: 1.025
A4: 2019-01-01 | B4: 0.03 | C4: 1.05575
A5: 2020-01-01 | B5: -0.015 | C5: 1.0399137
A6: 2021-01-01 | B6: 0.04 | C6: 1.0815103
A7: 2022-01-01 | B7: 0.05 | C7: 1.1355858
A8: 2023-01-01 | B8: 0.035 | C8: 1.1753313
A9: 2024-01-01 | B9: 0.02 | C9: 1.1988379
A10: 2025-01-01 | B10: 0.015 | C10: 1.2168205
A12: Evaluation Level: | C12: 1.2168205

Sheet WP Onleveling
A1: Year | B1: Written Premium ($) | C1: Mid-Year Date | D1: Historic Level at Date | E1: Factor (Current/Historic) | F1: OnLevel Premium
A2: 2015 | B2: 367378 | C2: 2015-07-01 | D2: 1 | E2: ='Rate History'!C10 / D2 -> 0 | F2: =B2 * E2 -> 0
A3: 2016 | B3: 104582 | C3: 2016-07-01 | D3: 1 | E3: ='Rate History'!C10 / D3 -> 0 | F3: =B3 * E3 -> 0
A4: 2017 | B4: 497650 | C4: 2017-07-01 | D4: 1 | E4: ='Rate History'!C10 / D4 -> 0 | F4: =B4 * E4 -> 0
A5: 2018 | B5: 321482 | C5: 2018-07-01 | D5: 1.025 | E5: ='Rate History'!C10 / D5 -> 0 | F5: =B5 * E5 -> 0
A6: 2019 | B6: 364931 | C6: 2019-07-01 | D6: 1.05575 | E6: ='Rate History'!C10 / D6 -> 0 | F6: =B6 * E6 -> 0
A7: 2020 | B7: 314643 | C7: 2020-07-01 | D7: 1.0399137 | E7: ='Rate History'!C10 / D7 -> 0 | F7: =B7 * E7 -> 0
A8: 2021 | B8: 484462 | C8: 2021-07-01 | D8: 1.0815103 | E8: ='Rate History'!C10 / D8 -> 0 | F8: =B8 * E8 -> 0
A9: 2022 | B9: 365106 | C9: 2022-07-01 | D9: 1.1355858 | E9: ='Rate History'!C10 / D9 -> 0 | F9: =B9 * E9 -> 0
A10: 2023 | B10: 208127 | C10: 2023-07-01 | D10: 1.1753313 | E10: ='Rate History'!C10 / D10 -> 0 | F10: =B10 * E10 -> 0
A11: 2024 | B11: 453117 | C11: 2024-07-01 | D11: 1.1988379 | E11: ='Rate History'!C10 / D11 -> 0 | F11: =B11 * E11 -> 0

Sheet CY EP Onleveling
A1: Year | B1: Earned Premium ($) | C1: Month 1 Lvl | D1: Month 2 Lvl | E1: Month 3 Lvl | F1: Month 4 Lvl | G1: Month 5 Lvl | H1: Month 6 Lvl | I1: Month 7 Lvl | J1: Month 8 Lvl | K1: Month 9 Lvl | L1: Month 10 Lvl | M1: Month 11 Lvl | N1: Month 12 Lvl | O1: Average Auth Level | P1: Factor (Current/Avg) | Q1: OnLevel Premium
A2: 2015 | B2: 367378 | C2: 1 | D2: 1 | E2: 1 | F2: 1 | G2: 1 | H2: 1 | I2: 1 | J2: 1 | K2: 1 | L2: 1 | M2: 1 | N2: 1 | O2: =AVERAGE(C2:N2) -> 0 | P2: ='Rate History'!C10 / O2 -> 0 | Q2: =B2 * P2 -> 0
A3: 2016 | B3: 104582 | C3: 1 | D3: 1 | E3: 1 | F3: 1 | G3: 1 | H3: 1 | I3: 1 | J3: 1 | K3: 1 | L3: 1 | M3: 1 | N3: 1 | O3: =AVERAGE(C3:N3) -> 0 | P3: ='Rate History'!C10 / O3 -> 0 | Q3: =B3 * P3 -> 0
A4: 2017 | B4: 497650 | C4: 1 | D4: 1 | E4: 1 | F4: 1 | G4: 1 | H4: 1 | I4: 1 | J4: 1 | K4: 1 | L4: 1 | M4: 1 | N4: 1 | O4: =AVERAGE(C4:N4) -> 0 | P4: ='Rate History'!C10 / O4 -> 0 | Q4: =B4 * P4 -> 0
A5: 2018 | B5: 321482 | C5: 1 | D5: 1 | E5: 1 | F5: 1 | G5: 1 | H5: 1 | I5: 1.025 | J5: 1.025 | K5: 1.025 | L5: 1.025 | M5: 1.025 | N5: 1.025 | O5: =AVERAGE(C5:N5) -> 0 | P5: ='Rate History'!C10 / O5 -> 0 | Q5: =B5 * P5 -> 0
A6: 2019 | B6: 364931 | C6: 1.025 | D6: 1.025 | E6: 1.025 | F6: 1.025 | G6: 1.025 | H6: 1.025 | I6: 1.05575 | J6: 1.05575 | K6: 1.05575 | L6: 1.05575 | M6: 1.05575 | N6: 1.05575 | O6: =AVERAGE(C6:N6) -> 0 | P6: ='Rate History'!C10 / O6 -> 0 | Q6: =B6 * P6 -> 0
A7: 2020 | B7: 314643 | C7: 1.05575 | D7: 1.05575 | E7: 1.05575 | F7: 1.05575 | G7: 1.05575 | H7: 1.05575 | I7: 1.0399137 | J7: 1.0399137 | K7: 1.0399137 | L7: 1.0399137 | M7: 1.0399137 | N7: 1.0399137 | O7: =AVERAGE(C7:N7) -> 0 | P7: ='Rate History'!C10 / O7 -> 0 | Q7: =B7 * P7 -> 0
A8: 2021 | B8: 484462 | C8: 1.0399137 | D8: 1.0399137 | E8: 1.0399137 | F8: 1.0399137 | G8: 1.0399137 | H8: 1.0399137 | I8: 1.0815103 | J8: 1.0815103 | K8: 1.0815103 | L8: 1.0815103 | M8: 1.0815103 | N8: 1.0815103 | O8: =AVERAGE(C8:N8) -> 0 | P8: ='Rate History'!C10 / O8 -> 0 | Q8: =B8 * P8 -> 0
A9: 2022 | B9: 365106 | C9: 1.0815103 | D9: 1.0815103 | E9: 1.0815103 | F9: 1.0815103 | G9: 1.0815103 | H9: 1.0815103 | I9: 1.1355858 | J9: 1.1355858 | K9: 1.1355858 | L9: 1.1355858 | M9: 1.1355858 | N9: 1.1355858 | O9: =AVERAGE(C9:N9) -> 0 | P9: ='Rate History'!C10 / O9 -> 0 | Q9: =B9 * P9 -> 0
A10: 2023 | B10: 208127 | C10: 1.1355858 | D10: 1.1355858 | E10: 1.1355858 | F10: 1.1355858 | G10: 1.1355858 | H10: 1.1355858 | I10: 1.1753313 | J10: 1.1753313 | K10: 1.1753313 | L10: 1.1753313 | M10: 1.1753313 | N10: 1.1753313 | O10: =AVERAGE(C10:N10) -> 0 | P10: ='Rate History'!C10 / O10 -> 0 | Q10: =B10 * P10 -> 0
A11: 2024 | B11: 453117 | C11: 1.1753313 | D11: 1.1753313 | E11: 1.1753313 | F11: 1.1753313 | G11: 1.1753313 | H11: 1.1753313 | I11: 1.1988379 | J11: 1.1988379 | K11: 1.1988379 | L11: 1.1988379 | M11: 1.1988379 | N11: 1.1988379 | O11: =AVERAGE(C11:N11) -> 0 | P11: ='Rate History'!C10 / O11 -> 0 | Q11: =B11 * P11 -> 0

Sheet PY EP Onleveling
A1: Year | B1: Earned Premium ($) | C1: M1 Lvl | D1: M2 Lvl | E1: M3 Lvl | F1: M4 Lvl | G1: M5 Lvl | H1: M6 Lvl | I1: M7 Lvl | J1: M8 Lvl | K1: M9 Lvl | L1: M10 Lvl | M1: M11 Lvl | N1: M12 Lvl | O1: M13 Lvl | P1: M14 Lvl | Q1: M15 Lvl | R1: M16 Lvl | S1: M17 Lvl | T1: M18 Lvl | U1: M19 Lvl | V1: M20 Lvl | W1: M21 Lvl | X1: M22 Lvl | Y1: M23 Lvl | Z1: M24 Lvl | AA1: Triangular Avg Level | AB1: Factor | AC1: OnLevel Premium
A2: Distribution Weights -> | C2: 0.0069444444 | D2: 0.013888889 | E2: 0.020833333 | F2: 0.027777778 | G2: 0.034722222 | H2: 0.041666667 | I2: 0.048611111 | J2: 0.055555556 | K2: 0.0625 | L2: 0.069444444 | M2: 0.076388889 | N2: 0.083333333 | O2: 0.083333333 | P2: 0.076388889 | Q2: 0.069444444 | R2: 0.0625 | S2: 0.055555556 | T2: 0.048611111 | U2: 0.041666667 | V2: 0.034722222 | W2: 0.027777778 | X2: 0.020833333 | Y2: 0.013888889 | Z2: 0.0069444444
A3: 2015 | B3: 367378 | C3: 1 | D3: 1 | E3: 1 | F3: 1 | G3: 1 | H3: 1 | I3: 1 | J3: 1 | K3: 1 | L3: 1 | M3: 1 | N3: 1 | O3: 1 | P3: 1 | Q3: 1 | R3: 1 | S3: 1 | T3: 1 | U3: 1 | V3: 1 | W3: 1 | X3: 1 | Y3: 1 | Z3: 1 | AA3: =SUMPRODUCT(C2:Z2, C3:Z3) -> 0 | AB3: ='Rate History'!C10 / AA3 -> 0 | AC3: =B3 * AB3 -> 0
A4: 2016 | B4: 104582 | C4: 1 | D4: 1 | E4: 1 | F4: 1 | G4: 1 | H4: 1 | I4: 1 | J4: 1 | K4: 1 | L4: 1 | M4: 1 | N4: 1 | O4: 1 | P4: 1 | Q4: 1 | R4: 1 | S4: 1 | T4: 1 | U4: 1 | V4: 1 | W4: 1 | X4: 1 | Y4: 1 | Z4: 1 | AA4: =SUMPRODUCT(C2:Z2, C4:Z4) -> 0 | AB4: ='Rate History'!C10 / AA4 -> 0 | AC4: =B4 * AB4 -> 0
A5: 2017 | B5: 497650 | C5: 1 | D5: 1 | E5: 1 | F5: 1 | G5: 1 | H5: 1 | I5: 1 | J5: 1 | K5: 1 | L5: 1 | M5: 1 | N5: 1 | O5: 1 | P5: 1 | Q5: 1 | R5: 1 | S5: 1 | T5: 1 | U5: 1.025 | V5: 1.025 | W5: 1.025 | X5: 1.025 | Y5: 1.025 | Z5: 1.025 | AA5: =SUMPRODUCT(C2:Z2, C5:Z5) -> 0 | AB5: ='Rate History'!C10 / AA5 -> 0 | AC5: =B5 * AB5 -> 0
A6: 2018 | B6: 321482 | C6: 1 | D6: 1 | E6: 1 | F6: 1 | G6: 1 | H6: 1 | I6: 1.025 | J6: 1.025 | K6: 1.025 | L6: 1.025 | M6: 1.025 | N6: 1.025 | O6: 1.025 | P6: 1.025 | Q6: 1.025 | R6: 1.025 | S6: 1.025 | T6: 1.025 | U6: 1.05575 | V6: 1.05575 | W6: 1.05575 | X6: 1.05575 | Y6: 1.05575 | Z6: 1.05575 | AA6: =SUMPRODUCT(C2:Z2, C6:Z6) -> 0 | AB6: ='Rate History'!C10 / AA6 -> 0 | AC6: =B6 * AB6 -> 0
A7: 2019 | B7: 364931 | C7: 1.025 | D7: 1.025 | E7: 1.025 | F7: 1.025 | G7: 1.025 | H7: 1.025 | I7: 1.05575 | J7: 1.05575 | K7: 1.05575 | L7: 1.05575 | M7: 1.05575 | N7: 1.05575 | O7: 1.05575 | P7: 1.05575 | Q7: 1.05575 | R7: 1.05575 | S7: 1.05575 | T7: 1.05575 | U7: 1.0399137 | V7: 1.0399137 | W7: 1.0399137 | X7: 1.0399137 | Y7: 1.0399137 | Z7: 1.0399137 | AA7: =SUMPRODUCT(C2:Z2, C7:Z7) -> 0 | AB7: ='Rate History'!C10 / AA7 -> 0 | AC7: =B7 * AB7 -> 0
A8: 2020 | B8: 314643 | C8: 1.05575 | D8: 1.05575 | E8: 1.05575 | F8: 1.05575 | G8: 1.05575 | H8: 1.05575 | I8: 1.0399137 | J8: 1.0399137 | K8: 1.0399137 | L8: 1.0399137 | M8: 1.0399137 | N8: 1.0399137 | O8: 1.0399137 | P8: 1.0399137 | Q8: 1.0399137 | R8: 1.0399137 | S8: 1.0399137 | T8: 1.0399137 | U8: 1.0815103 | V8: 1.0815103 | W8: 1.0815103 | X8: 1.0815103 | Y8: 1.0815103 | Z8: 1.0815103 | AA8: =SUMPRODUCT(C2:Z2, C8:Z8) -> 0 | AB8: ='Rate History'!C10 / AA8 -> 0 | AC8: =B8 * AB8 -> 0
A9: 2021 | B9: 484462 | C9: 1.0399137 | D9: 1.0399137 | E9: 1.0399137 | F9: 1.0399137 | G9: 1.0399137 | H9: 1.0399137 | I9: 1.0815103 | J9: 1.0815103 | K9: 1.0815103 | L9: 1.0815103 | M9: 1.0815103 | N9: 1.0815103 | O9: 1.0815103 | P9: 1.0815103 | Q9: 1.0815103 | R9: 1.0815103 | S9: 1.0815103 | T9: 1.0815103 | U9: 1.1355858 | V9: 1.1355858 | W9: 1.1355858 | X9: 1.1355858 | Y9: 1.1355858 | Z9: 1.1355858 | AA9: =SUMPRODUCT(C2:Z2, C9:Z9) -> 0 | AB9: ='Rate History'!C10 / AA9 -> 0 | AC9: =B9 * AB9 -> 0
A10: 2022 | B10: 365106 | C10: 1.0815103 | D10: 1.0815103 | E10: 1.0815103 | F10: 1.0815103 | G10: 1.0815103 | H10: 1.0815103 | I10: 1.1355858 | J10: 1.1355858 | K10: 1.1355858 | L10: 1.1355858 | M10: 1.1355858 | N10: 1.1355858 | O10: 1.1355858 | P10: 1.1355858 | Q10: 1.1355858 | R10: 1.1355858 | S10: 1.1355858 | T10: 1.1355858 | U10: 1.1753313 | V10: 1.1753313 | W10: 1.1753313 | X10: 1.1753313 | Y10: 1.1753313 | Z10: 1.1753313 | AA10: =SUMPRODUCT(C2:Z2, C10:Z10) -> 0 | AB10: ='Rate History'!C10 / AA10 -> 0 | AC10: =B10 * AB10 -> 0
A11: 2023 | B11: 208127 | C11: 1.1355858 | D11: 1.1355858 | E11: 1.1355858 | F11: 1.1355858 | G11: 1.1355858 | H11: 1.1355858 | I11: 1.1753313 | J11: 1.1753313 | K11: 1.1753313 | L11: 1.1753313 | M11: 1.1753313 | N11: 1.1753313 | O11: 1.1753313 | P11: 1.1753313 | Q11: 1.1753313 | R11: 1.1753313 | S11: 1.1753313 | T11: 1.1753313 | U11: 1.1988379 | V11: 1.1988379 | W11: 1.1988379 | X11: 1.1988379 | Y11: 1.1988379 | Z11: 1.1988379 | AA11: =SUMPRODUCT(C2:Z2, C11:Z11) -> 0 | AB11: ='Rate History'!C10 / AA11 -> 0 | AC11: =B11 * AB11 -> 0
A12: 2024 | B12: 453117 | C12: 1.1753313 | D12: 1.1753313 | E12: 1.1753313 | F12: 1.1753313 | G12: 1.1753313 | H12: 1.1753313 | I12: 1.1988379 | J12: 1.1988379 | K12: 1.1988379 | L12: 1.1988379 | M12: 1.1988379 | N12: 1.1988379 | O12: 1.1988379 | P12: 1.1988379 | Q12: 1.1988379 | R12: 1.1988379 | S12: 1.1988379 | T12: 1.1988379 | U12: 1.2168205 | V12: 1.2168205 | W12: 1.2168205 | X12: 1.2168205 | Y12: 1.2168205 | Z12: 1.2168205 | AA12: =SUMPRODUCT(C2:Z2, C12:Z12) -> 0 | AB12: ='Rate History'!C10 / AA12 -> 0 | AC12: =B12 * AB12 -> 0
